Title,Author,Year,Period,Total Words,Unique Words,Language,Zipf Exponent,Zipf R²,Heaps Exponent,Heaps R²,Taylor Exponent,Taylor R²,Correlation Exponent,Correlation R²,Word Analyzed,Entropy Rate,Beta,White Noise Fraction,Average Strahler,Strahler Log Coefficient,Strahler R²
Hamlet,Unknown,,Early,49457,9403,en,0.7961480913530836,0.8489620072218154,0.7925146936437276,0.9995998189766437,1.0762555695598397,0.71766860690589,-0.006618574003349345,3.944719820076099e-06,ftln,4.556281765586699,,0.5,2.0422144190956755,0.736037617067298,0.974765889203881
Pride,Unknown,,Intermediate,143513,11495,en,1.1407209078415952,0.9535648750055129,0.5943234768905682,0.9983653211364808,1.1016511325069858,0.7898988221874043,0.301865841109844,0.07803584410349987,",",4.185548714333622,0.6262761651387031,0.908372615295576,2.298992666180178,0.6626352764088849,0.9550807394138692
White,Unknown,,Modern,197834,15739,en,1.1382076273764095,0.9765599162794402,0.6268428009378956,0.99843933805272,1.090214997315786,0.8093116109205507,0.413803355867056,0.12853057941243612,",",4.489587666610206,5.81935082728936e-16,0.8692104631396809,2.0339341696123667,0.7024872925354179,0.9716196184321704
