Metric,Early,Intermediate,Modern,Early_to_Modern_Change
Zipf exponent,0.013722,0.106939,0.056893,314.599582
Entropy rate,10.000000,7.139952,8.531061,-14.689393
Average Strahler,7.999937,7.999959,7.133171,-10.834657
