Title,Author,Year,Period,Total Words,Unique Words,Language,Zipf Exponent,Zipf R²,Heaps Exponent,Heaps R²,Taylor Exponent,Taylor R²,Correlation Exponent,Correlation R²,Word Analyzed,Entropy Rate,Beta,White Noise Fraction,Average Strahler,Strahler Log Coefficient,Strahler R²
Don-quixote,Unknown,,Early,438600,23723,es,1.2128408814561449,0.9777136615217974,0.6035502846393991,0.9950910220263581,0.9516152003674967,0.8809080249301589,0.39310855750670465,0.12487283527048881,",",2.8584783060155443,0.9899999999999999,0.8296211857863381,7.2468251502951455,0.1846469801992757,0.22846135421990368
Fortunata-y-jacinta,Unknown,,Intermediate,462818,30755,es,1.1256544055526712,0.97670991424036,0.6213529929459337,0.9912708122843185,1.1501182333508422,0.7958348462897433,0.2800950374245784,0.09268357855372443,",",4.166412776162028,0.8970226637998817,0.8963776750506925,7.1821027616364725,0.27112304028109685,0.1817273963997694
La-sombra-del-viento,Unknown,,Modern,181930,16977,es,1.063147164241854,0.9728839449726601,0.6637652214223051,0.9952385642230699,1.194443759253964,0.6959643472281536,0.6083842278063613,0.759865989276226,.,4.3158145991422945,0.10000002155813849,0.6509416129350748,7.011225954273847,0.42464782904187265,0.2579233522097931
